Fecha,Total de operaciones enviadas
30/09/2019,1747
01/10/2019,1675
02/10/2019,1943
03/10/2019,1759
04/10/2019,1554
05/10/2019,786
06/10/2019,563
07/10/2019,1194
08/10/2019,1281
09/10/2019,1459
10/10/2019,1507
11/10/2019,1368
12/10/2019,757
13/10/2019,506
14/10/2019,1457
15/10/2019,1642
16/10/2019,1443
17/10/2019,1532
18/10/2019,1584
19/10/2019,662
20/10/2019,506
21/10/2019,992
22/10/2019,1094
23/10/2019,1160
24/10/2019,1462
25/10/2019,1389
26/10/2019,596
27/10/2019,432
28/10/2019,1012
29/10/2019,1435
30/10/2019,1851
31/10/2019,1701
01/11/2019,1661
02/11/2019,870
03/11/2019,893
04/11/2019,1663
05/11/2019,1622
06/11/2019,1637
07/11/2019,1970
08/11/2019,2138
09/11/2019,1020
10/11/2019,733
11/11/2019,1564
12/11/2019,1558
13/11/2019,1791
14/11/2019,2836
15/11/2019,1845
16/11/2019,1305
17/11/2019,975
18/11/2019,1044
19/11/2019,1736
20/11/2019,1825
21/11/2019,1878
22/11/2019,2193
23/11/2019,1085
24/11/2019,740
25/11/2019,1633
26/11/2019,1790
27/11/2019,2538
28/11/2019,2205
29/11/2019,2939
30/11/2019,1395
01/12/2019,962
02/12/2019,2233
03/12/2019,2547
04/12/2019,2397
05/12/2019,2986
06/12/2019,2509
07/12/2019,1048
08/12/2019,796
09/12/2019,2126
10/12/2019,2164
11/12/2019,2161
12/12/2019,1627
13/12/2019,2622
14/12/2019,3328
15/12/2019,1389
16/12/2019,2146
17/12/2019,2113
18/12/2019,1956
19/12/2019,2238
20/12/2019,2330
21/12/2019,1107
22/12/2019,818
23/12/2019,1454
24/12/2019,1101
25/12/2019,464
26/12/2019,1304
27/12/2019,1416
28/12/2019,2415
29/12/2019,2322
30/12/2019,1580
31/12/2019,1144
01/01/2020,576
02/01/2020,1564
03/01/2020,1879
04/01/2020,1116
05/01/2020,796
06/01/2020,1832
07/01/2020,1653
08/01/2020,1773
09/01/2020,1753
10/01/2020,2201
11/01/2020,944
12/01/2020,746
13/01/2020,1842
14/01/2020,2144
15/01/2020,3066
16/01/2020,2291
17/01/2020,2285
18/01/2020,1113
19/01/2020,727
20/01/2020,1659
21/01/2020,1687
22/01/2020,1685
23/01/2020,1674
24/01/2020,2003
25/01/2020,892
26/01/2020,689
27/01/2020,1672
28/01/2020,1902
29/01/2020,2057
30/01/2020,2838
31/01/2020,2930
01/02/2020,1337
02/02/2020,973
03/02/2020,1133
04/02/2020,2323
05/02/2020,1996
06/02/2020,2197
07/02/2020,2706
08/02/2020,1008
09/02/2020,660
10/02/2020,2059
11/02/2020,2127
12/02/2020,2175
13/02/2020,2652
14/02/2020,3833
15/02/2020,1497
16/02/2020,1083
17/02/2020,2423
18/02/2020,2370
19/02/2020,2421
20/02/2020,2494
21/02/2020,2787
22/02/2020,1199
23/02/2020,929
24/02/2020,2294
25/02/2020,2224
26/02/2020,2203
27/02/2020,2549
28/02/2020,3606
29/02/2020,1652
01/03/2020,1185
02/03/2020,2746
03/03/2020,2851
04/03/2020,3135
05/03/2020,3038
06/03/2020,3722
07/03/2020,1265
08/03/2020,901
09/03/2020,2104
10/03/2020,2754
11/03/2020,2849
12/03/2020,3187
13/03/2020,4401
14/03/2020,1609
15/03/2020,1106
16/03/2020,1179
17/03/2020,2401
18/03/2020,2212
19/03/2020,2249
20/03/2020,2988
21/03/2020,1211
22/03/2020,988
23/03/2020,2234
24/03/2020,1949
25/03/2020,1835
26/03/2020,2078
27/03/2020,2486
28/03/2020,1177
29/03/2020,1053
30/03/2020,2617
31/03/2020,2371
01/04/2020,2153
02/04/2020,2488
03/04/2020,2284
04/04/2020,1273
05/04/2020,986
06/04/2020,1826
07/04/2020,1774
08/04/2020,1558
09/04/2020,1371
10/04/2020,1089
11/04/2020,954
12/04/2020,925
13/04/2020,1625
14/04/2020,2058
15/04/2020,2172
16/04/2020,2033
17/04/2020,2187
18/04/2020,1452
19/04/2020,1010
20/04/2020,1680
21/04/2020,1619
22/04/2020,1511
23/04/2020,1630
24/04/2020,1932
25/04/2020,1330
26/04/2020,1065
27/04/2020,1658
28/04/2020,1841
29/04/2020,2266
30/04/2020,2427
01/05/2020,1976
02/05/2020,1589
03/05/2020,1304
04/05/2020,2244
05/05/2020,2021
06/05/2020,3626
07/05/2020,2077
08/05/2020,2388
09/05/2020,1666
10/05/2020,1210
11/05/2020,1986
12/05/2020,1998
13/05/2020,2022
14/05/2020,2573
15/05/2020,3178
16/05/2020,1986
17/05/2020,1338
18/05/2020,2249
19/05/2020,2076
20/05/2020,2096
21/05/2020,2097
22/05/2020,2575
23/05/2020,1577
24/05/2020,1376
25/05/2020,2219
26/05/2020,2178
27/05/2020,2094
28/05/2020,2736
29/05/2020,3371
30/05/2020,2039
31/05/2020,1823
01/06/2020,2796
02/06/2020,2444
03/06/2020,2479
04/06/2020,2541
05/06/2020,2915
06/06/2020,1983
07/06/2020,1422
08/06/2020,2264
09/06/2020,2256
10/06/2020,2172
11/06/2020,2516
12/06/2020,3127
13/06/2020,2175
14/06/2020,1773
15/06/2020,3229
16/06/2020,2777
17/06/2020,2459
18/06/2020,2545
19/06/2020,2766
20/06/2020,1868
21/06/2020,1270
22/06/2020,2235
23/06/2020,1980
24/06/2020,2187
25/06/2020,2360
26/06/2020,2943
27/06/2020,1805
28/06/2020,1434
29/06/2020,2729
30/06/2020,3253
01/07/2020,2881
02/07/2020,2925
03/07/2020,2999
04/07/2020,2393
05/07/2020,1514
06/07/2020,2600
07/07/2020,2245
08/07/2020,2360
09/07/2020,2475
10/07/2020,3288
11/07/2020,2105
12/07/2020,1524
13/07/2020,2829
14/07/2020,3180
15/07/2020,3744
16/07/2020,3356
17/07/2020,3362
18/07/2020,2139
19/07/2020,1786
20/07/2020,2871
21/07/2020,2689
22/07/2020,2866
23/07/2020,3238
24/07/2020,3273
25/07/2020,2028
26/07/2020,1725
27/07/2020,3056
28/07/2020,3052
29/07/2020,3069
30/07/2020,3830
31/07/2020,4116
01/08/2020,3035
02/08/2020,2110
03/08/2020,3276
04/08/2020,2931
05/08/2020,2988
06/08/2020,2903
07/08/2020,3365
08/08/2020,2501
09/08/2020,1719
10/08/2020,2781
11/08/2020,2667
12/08/2020,2705
13/08/2020,3153
14/08/2020,4322
15/08/2020,3023
16/08/2020,2186
17/08/2020,3100
18/08/2020,3192
19/08/2020,2914
20/08/2020,3114
21/08/2020,3638
22/08/2020,2442
23/08/2020,1900
24/08/2020,2759
25/08/2020,2840
26/08/2020,2876
27/08/2020,3268
28/08/2020,4265
29/08/2020,3115
30/08/2020,2117
31/08/2020,3667
01/09/2020,3500
02/09/2020,3261
03/09/2020,3346
04/09/2020,3761
05/09/2020,2411
06/09/2020,1872
07/09/2020,2983
08/09/2020,3053
09/09/2020,2889
10/09/2020,3200
11/09/2020,3607
12/09/2020,2663
13/09/2020,1887
14/09/2020,3404
15/09/2020,3951
16/09/2020,2161
17/09/2020,3491
18/09/2020,3456
19/09/2020,2558
20/09/2020,1843
21/09/2020,2918
22/09/2020,3062
23/09/2020,3108
24/09/2020,3248
25/09/2020,3787
26/09/2020,2648
27/09/2020,1993
28/09/2020,3636
29/09/2020,3840
30/09/2020,4296
01/10/2020,4117
02/10/2020,4531
03/10/2020,2740
04/10/2020,2125
05/10/2020,3718
06/10/2020,3373
07/10/2020,3200
08/10/2020,3647
09/10/2020,3855
10/10/2020,2263
11/10/2020,1793
12/10/2020,3409
13/10/2020,3595
14/10/2020,4137
15/10/2020,5007
16/10/2020,4829
17/10/2020,2584
18/10/2020,2026
19/10/2020,3683
20/10/2020,3689
21/10/2020,3584
22/10/2020,3903
23/10/2020,4357
24/10/2020,2393
25/10/2020,1771
26/10/2020,3723
27/10/2020,3636
28/10/2020,3787
29/10/2020,4420
30/10/2020,4966
31/10/2020,3367
01/11/2020,2303
02/11/2020,2782
03/11/2020,4123
04/11/2020,4071
05/11/2020,4572
06/11/2020,4403
07/11/2020,2637
08/11/2020,2004
09/11/2020,3899
10/11/2020,4011
11/11/2020,4123
12/11/2020,4475
13/11/2020,5156
14/11/2020,3595
15/11/2020,2529
16/11/2020,2786
17/11/2020,4587
18/11/2020,4310
19/11/2020,4558
20/11/2020,5503
21/11/2020,2817
22/11/2020,2168
23/11/2020,4214
24/11/2020,4181
25/11/2020,4285
26/11/2020,4461
27/11/2020,5841
28/11/2020,3228
29/11/2020,2691
30/11/2020,5238
01/12/2020,5640
02/12/2020,5931
03/12/2020,5965
04/12/2020,5616
05/12/2020,5575
06/12/2020,2811
07/12/2020,5188
08/12/2020,5334
09/12/2020,5132
10/12/2020,5735
11/12/2020,6030
12/12/2020,3638
13/12/2020,2937
14/12/2020,5972
15/12/2020,6929
16/12/2020,6414
17/12/2020,6138
18/12/2020,6446
19/12/2020,3599
20/12/2020,2737
21/12/2020,5755
22/12/2020,6004
23/12/2020,5977
24/12/2020,4440
25/12/2020,1429
26/12/2020,2330
27/12/2020,2024
28/12/2020,5177
29/12/2020,5879
30/12/2020,6137
31/12/2020,5527
01/01/2021,1759
02/01/2021,3029
03/01/2021,2526
04/01/2021,4773
05/01/2021,6125
06/01/2021,6119
07/01/2021,7071
08/01/2021,7360
09/01/2021,2895
10/01/2021,2163
11/01/2021,6075
12/01/2021,8805
13/01/2021,12305
14/01/2021,13458
15/01/2021,17491
16/01/2021,6387
17/01/2021,2824
18/01/2021,11242
19/01/2021,18716
20/01/2021,22411
21/01/2021,19716
22/01/2021,19151
23/01/2021,6579
24/01/2021,2335
25/01/2021,16725
26/01/2021,22327
27/01/2021,19512
28/01/2021,22718
29/01/2021,11857
30/01/2021,5358
31/01/2021,2722
01/02/2021,3009
02/02/2021,8865
03/02/2021,13089
04/02/2021,15002
05/02/2021,12692
06/02/2021,5212
07/02/2021,2437
08/02/2021,11997
09/02/2021,12740
10/02/2021,14206
11/02/2021,15094
12/02/2021,12700
13/02/2021,5213
14/02/2021,2724
15/02/2021,11054
16/02/2021,12141
17/02/2021,11032
18/02/2021,10791
19/02/2021,10706
20/02/2021,4142
21/02/2021,2620
22/02/2021,9948
23/02/2021,11201
24/02/2021,11933
25/02/2021,12545
26/02/2021,10913
27/02/2021,5012
28/02/2021,3090
01/03/2021,7554
02/03/2021,9218
03/03/2021,9640
04/03/2021,8954
05/03/2021,8366
06/03/2021,3817
07/03/2021,2250
08/03/2021,6697
09/03/2021,7404
10/03/2021,8070
11/03/2021,8277
12/03/2021,6577
13/03/2021,4318
14/03/2021,2434
15/03/2021,2972
16/03/2021,7143
17/03/2021,7009
18/03/2021,6771
19/03/2021,6536
20/03/2021,3297
21/03/2021,2322
22/03/2021,6623
23/03/2021,6618
24/03/2021,6964
25/03/2021,6968
26/03/2021,7636
27/03/2021,3515
28/03/2021,2215
29/03/2021,7265
30/03/2021,6403
31/03/2021,8804
01/04/2021,3806
02/04/2021,2516
03/04/2021,2630
04/04/2021,2128
05/04/2021,5765
06/04/2021,7147
07/04/2021,8262
08/04/2021,8823
09/04/2021,8902
10/04/2021,3725
11/04/2021,2306
12/04/2021,8558
13/04/2021,10528
14/04/2021,12432
15/04/2021,16104
16/04/2021,15668
17/04/2021,5119
18/04/2021,2348
19/04/2021,11368
20/04/2021,14198
21/04/2021,15155
22/04/2021,15828
23/04/2021,15237
24/04/2021,5048
25/04/2021,2173
26/04/2021,13193
27/04/2021,16835
28/04/2021,17422
29/04/2021,18015
30/04/2021,15551
01/05/2021,3555
02/05/2021,2695
03/05/2021,9979
04/05/2021,9503
05/05/2021,8535
06/05/2021,7873
07/05/2021,7742
08/05/2021,3449
09/05/2021,2335
10/05/2021,6109
11/05/2021,6228
12/05/2021,6574
13/05/2021,6863
14/05/2021,8285
15/05/2021,4143
16/05/2021,2733
17/05/2021,6814
18/05/2021,6546
19/05/2021,6553
20/05/2021,6808
21/05/2021,6776
22/05/2021,3162
23/05/2021,2444
24/05/2021,6086
25/05/2021,6336
26/05/2021,6487
27/05/2021,6953
28/05/2021,8289
29/05/2021,3892
30/05/2021,2467
31/05/2021,7508
01/06/2021,6074
02/06/2021,5475
03/06/2021,5816
04/06/2021,5997
05/06/2021,3009
06/06/2021,1959
07/06/2021,4923
08/06/2021,4850
09/06/2021,4757
10/06/2021,5102
11/06/2021,5443
12/06/2021,2909
13/06/2021,2149
14/06/2021,5314
15/06/2021,6093
16/06/2021,4847
17/06/2021,5043
18/06/2021,5411
19/06/2021,2915
20/06/2021,2123
21/06/2021,4686
22/06/2021,4736
23/06/2021,4561
24/06/2021,4648
25/06/2021,5559
26/06/2021,2888
27/06/2021,1892
28/06/2021,5341
29/06/2021,5885
30/06/2021,6188
01/07/2021,6070
02/07/2021,6082
03/07/2021,3416
04/07/2021,2580
05/07/2021,5262
06/07/2021,5008
07/07/2021,5015
08/07/2021,5400
09/07/2021,5778
10/07/2021,3279
11/07/2021,2439
12/07/2021,5129
13/07/2021,5701
14/07/2021,6208
15/07/2021,7166
16/07/2021,6936
17/07/2021,3731
18/07/2021,2823
19/07/2021,5793
20/07/2021,5462
21/07/2021,5796
22/07/2021,5429
23/07/2021,6134
24/07/2021,3415
25/07/2021,2553
26/07/2021,5364
27/07/2021,5562
28/07/2021,5667
29/07/2021,6671
30/07/2021,7654
31/07/2021,4249
01/08/2021,3086
02/08/2021,6048
03/08/2021,5860
04/08/2021,5654
05/08/2021,5677
06/08/2021,5753
07/08/2021,3157
08/08/2021,2483
09/08/2021,5554
10/08/2021,5525
11/08/2021,5513
12/08/2021,6007
13/08/2021,7976
14/08/2021,4291
15/08/2021,3159
16/08/2021,5930
17/08/2021,5678
18/08/2021,5483
19/08/2021,5591
20/08/2021,6364
21/08/2021,3404
22/08/2021,2287
23/08/2021,5405
24/08/2021,5343
25/08/2021,5538
26/08/2021,5627
27/08/2021,6889
28/08/2021,3919
29/08/2021,2945
30/08/2021,6620
31/08/2021,6876
01/09/2021,6627
02/09/2021,6685
03/09/2021,7024
04/09/2021,4243
05/09/2021,2884
06/09/2021,5784
07/09/2021,5608
08/09/2021,5562
09/09/2021,6031
10/09/2021,6750
11/09/2021,3932
12/09/2021,1758
13/09/2021,6295
14/09/2021,7118
15/09/2021,7774
16/09/2021,3734
17/09/2021,6007
18/09/2021,4129
19/09/2021,3382
20/09/2021,6318
21/09/2021,5793
22/09/2021,5485
23/09/2021,6168
24/09/2021,6658
25/09/2021,3832
26/09/2021,2678
27/09/2021,5672
28/09/2021,6062
29/09/2021,6802
30/09/2021,8258
01/10/2021,8159
02/10/2021,4291
03/10/2021,3287
04/10/2021,5831
05/10/2021,6443
06/10/2021,5877
07/10/2021,6342
08/10/2021,7429
09/10/2021,4296
10/10/2021,3306
11/10/2021,6199
12/10/2021,6228
13/10/2021,6697
14/10/2021,7944
15/10/2021,9469
16/10/2021,5103
17/10/2021,3705
18/10/2021,6876
19/10/2021,6359
20/10/2021,6091
21/10/2021,6228
22/10/2021,7657
23/10/2021,4176
24/10/2021,3307
25/10/2021,6619
26/10/2021,6516
27/10/2021,6544
28/10/2021,7537
29/10/2021,9714
30/10/2021,5557
31/10/2021,4006
01/11/2021,7293
02/11/2021,4491
03/11/2021,7097
04/11/2021,7245
05/11/2021,7402
06/11/2021,4488
07/11/2021,3191
08/11/2021,6648
09/11/2021,6798
10/11/2021,6862
11/11/2021,7214
12/11/2021,9083
13/11/2021,5646
14/11/2021,3976
15/11/2021,4589
16/11/2021,7575
17/11/2021,6068
18/11/2021,7006
19/11/2021,8002
20/11/2021,4497
21/11/2021,3437
22/11/2021,6378
23/11/2021,6165
24/11/2021,6534
25/11/2021,6944
26/11/2021,8364
27/11/2021,4717
28/11/2021,3580
29/11/2021,8594
30/11/2021,9272
01/12/2021,8269
02/12/2021,8838
03/12/2021,9120
04/12/2021,7033
05/12/2021,3538
06/12/2021,7948
07/12/2021,7440
08/12/2021,7538
09/12/2021,8200
10/12/2021,8940
11/12/2021,5259
12/12/2021,4017
13/12/2021,7816
14/12/2021,8893
15/12/2021,9416
16/12/2021,8737
17/12/2021,9322
18/12/2021,5523
19/12/2021,4169
20/12/2021,8065
21/12/2021,7928
22/12/2021,7605
23/12/2021,8146
24/12/2021,6227
25/12/2021,2489
26/12/2021,3170
27/12/2021,6747
28/12/2021,6772
29/12/2021,7459
30/12/2021,8141
31/12/2021,6799
01/01/2022,2894
02/01/2022,3755
03/01/2022,7638
04/01/2022,7142
05/01/2022,7118
06/01/2022,7524
07/01/2022,7870
08/01/2022,4463
09/01/2022,3416
10/01/2022,6879
11/01/2022,6444
12/01/2022,6511
13/01/2022,7602
14/01/2022,9686
15/01/2022,5482
16/01/2022,3592
17/01/2022,7042
18/01/2022,6992
19/01/2022,6542
20/01/2022,7069
21/01/2022,7705
22/01/2022,4481
23/01/2022,3423
24/01/2022,6956
25/01/2022,7231
26/01/2022,6911
27/01/2022,7012
28/01/2022,9699
29/01/2022,5257
30/01/2022,4010
31/01/2022,9085
01/02/2022,8463
02/02/2022,7783
03/02/2022,7903
04/02/2022,8852
05/02/2022,4665
06/02/2022,3517
07/02/2022,4106
08/02/2022,8101
09/02/2022,6875
10/02/2022,7593
11/02/2022,8728
12/02/2022,5128
13/02/2022,4001
14/02/2022,8957
15/02/2022,9517
16/02/2022,8188
17/02/2022,8331
18/02/2022,8781
19/02/2022,5344
20/02/2022,3925
21/02/2022,7810
22/02/2022,7612
23/02/2022,7347
24/02/2022,7795
25/02/2022,9765
26/02/2022,5613
27/02/2022,4157
28/02/2022,9549
01/03/2022,9286
02/03/2022,8488
03/03/2022,8793
04/03/2022,9456
05/03/2022,5524
06/03/2022,3398
07/03/2022,8090
08/03/2022,7419
09/03/2022,7481
10/03/2022,8041
11/03/2022,8886
12/03/2022,5281
13/03/2022,4089
14/03/2022,8665
15/03/2022,9795
16/03/2022,8784
17/03/2022,8390
18/03/2022,9185
19/03/2022,5112
20/03/2022,3753
21/03/2022,4506
22/03/2022,8561
23/03/2022,7687
24/03/2022,7950
25/03/2022,8845
26/03/2022,5057
27/03/2022,3767
28/03/2022,7772
29/03/2022,8491
30/03/2022,9637
31/03/2022,10388
01/04/2022,10126
02/04/2022,5583
03/04/2022,4148
04/04/2022,8430
05/04/2022,8214
06/04/2022,8082
07/04/2022,8444
08/04/2022,9533
09/04/2022,5080
10/04/2022,3628
11/04/2022,7674
12/04/2022,7872
13/04/2022,10672
14/04/2022,6416
15/04/2022,4737
16/04/2022,4423
17/04/2022,3973
18/04/2022,7881
19/04/2022,7500
20/04/2022,7727
21/04/2022,8366
22/04/2022,9438
23/04/2022,5129
24/04/2022,3760
25/04/2022,7943
26/04/2022,7655
27/04/2022,7834
28/04/2022,8651
29/04/2022,11136
30/04/2022,6378
01/05/2022,4883
02/05/2022,9048
03/05/2022,8505
04/05/2022,8398
05/05/2022,8496
06/05/2022,9623
07/05/2022,5154
08/05/2022,4016
09/05/2022,8276
10/05/2022,7771
11/05/2022,7881
12/05/2022,8674
13/05/2022,11125
14/05/2022,6200
15/05/2022,4678
16/05/2022,8896
17/05/2022,8233
18/05/2022,8380
19/05/2022,8678
20/05/2022,8190
21/05/2022,5405
22/05/2022,3841
23/05/2022,6843
24/05/2022,7938
25/05/2022,7552
26/05/2022,6850
27/05/2022,9407
28/05/2022,5758
29/05/2022,4311
30/05/2022,9003
31/05/2022,9849
01/06/2022,9150
02/06/2022,9068
03/06/2022,9962
04/06/2022,5631
05/06/2022,3439
06/06/2022,8176
07/06/2022,7788
08/06/2022,7825
09/06/2022,8020
10/06/2022,9603
11/06/2022,5362
12/06/2022,3899
13/06/2022,8139
14/06/2022,9052
15/06/2022,9565
16/06/2022,9551
17/06/2022,9902
18/06/2022,5676
19/06/2022,4003
20/06/2022,8006
21/06/2022,7778
22/06/2022,7833
23/06/2022,8375
24/06/2022,9971
25/06/2022,5029
26/06/2022,3657
27/06/2022,7861
28/06/2022,8223
29/06/2022,9092
30/06/2022,10555
01/07/2022,11093
02/07/2022,6085
03/07/2022,4477
04/07/2022,8681
05/07/2022,8646
06/07/2022,8205
07/07/2022,9004
08/07/2022,10188
09/07/2022,5690
10/07/2022,4276
11/07/2022,8132
12/07/2022,7996
13/07/2022,8379
14/07/2022,9965
15/07/2022,12299
16/07/2022,6494
17/07/2022,4473
18/07/2022,8491
19/07/2022,8517
20/07/2022,8612
21/07/2022,9127
22/07/2022,10437
23/07/2022,5613
24/07/2022,4146
25/07/2022,8446
26/07/2022,8503
27/07/2022,8331
28/07/2022,10132
29/07/2022,12935
30/07/2022,7255
31/07/2022,5200
01/08/2022,9860
02/08/2022,9348
03/08/2022,9292
04/08/2022,9601
05/08/2022,11070
06/08/2022,6106
07/08/2022,4675
08/08/2022,8852
09/08/2022,8668
10/08/2022,8520
11/08/2022,9046
12/08/2022,11866
13/08/2022,6471
14/08/2022,4635
15/08/2022,10409
16/08/2022,9643
17/08/2022,8969
18/08/2022,9385
19/08/2022,11436
20/08/2022,6390
21/08/2022,4682
22/08/2022,8823
23/08/2022,8406
24/08/2022,8600
25/08/2022,9404
26/08/2022,11295
27/08/2022,6404
28/08/2022,4167
29/08/2022,9549
30/08/2022,10208
31/08/2022,11028
01/09/2022,10785
02/09/2022,12302
03/09/2022,6895
04/09/2022,4014
05/09/2022,9510
06/09/2022,9049
07/09/2022,9059
08/09/2022,9885
09/09/2022,12141
10/09/2022,6491
11/09/2022,4722
12/09/2022,8924
13/09/2022,9056
14/09/2022,10735
15/09/2022,14042
16/09/2022,6157
17/09/2022,6405
18/09/2022,5037
19/09/2022,9186
20/09/2022,9307
21/09/2022,9104
22/09/2022,10146
23/09/2022,12180
24/09/2022,6341
25/09/2022,4836
26/09/2022,9404
27/09/2022,8796
28/09/2022,9505
29/09/2022,11435
30/09/2022,14141
01/10/2022,7854
02/10/2022,5691
03/10/2022,10394
04/10/2022,9493
05/10/2022,9438
06/10/2022,10417
07/10/2022,12678
08/10/2022,6954
09/10/2022,5087
10/10/2022,9735
11/10/2022,9681
12/10/2022,9518
13/10/2022,11244
14/10/2022,15180
15/10/2022,8719
16/10/2022,6029
17/10/2022,10907
18/10/2022,9902
19/10/2022,9984
20/10/2022,11021
21/10/2022,12659
22/10/2022,6730
23/10/2022,5161
24/10/2022,9675
25/10/2022,9407
26/10/2022,9741
27/10/2022,10450
28/10/2022,14478
29/10/2022,7637
30/10/2022,5762
31/10/2022,11488
01/11/2022,10964
02/11/2022,7357
03/11/2022,11123
04/11/2022,13283
05/11/2022,7627
06/11/2022,5454
07/11/2022,10392
08/11/2022,9804
09/11/2022,10453
10/11/2022,11182
11/11/2022,13206
12/11/2022,7583
13/11/2022,5294
14/11/2022,11123
15/11/2022,12387
16/11/2022,11161
17/11/2022,11702
18/11/2022,13780
19/11/2022,7404
20/11/2022,5170
21/11/2022,5781
22/11/2022,10918
23/11/2022,10059
24/11/2022,11030
25/11/2022,13059
26/11/2022,7014
27/11/2022,5281
28/11/2022,11068
29/11/2022,12152
30/11/2022,13321
01/12/2022,13232
02/12/2022,15210
03/12/2022,7955
04/12/2022,6196
05/12/2022,11900
06/12/2022,11100
07/12/2022,11029
08/12/2022,12482
09/12/2022,13860
10/12/2022,8059
11/12/2022,5790
12/12/2022,8103
13/12/2022,12200
14/12/2022,12161
15/12/2022,14327
16/12/2022,15479
17/12/2022,9579
18/12/2022,6089
19/12/2022,11968
20/12/2022,11858
21/12/2022,11425
22/12/2022,12061
23/12/2022,13032
24/12/2022,7002
25/12/2022,3433
26/12/2022,9066
27/12/2022,8853
28/12/2022,10006
29/12/2022,11379
30/12/2022,14082
31/12/2022,8690
01/01/2023,4267
02/01/2023,10947
03/01/2023,11136
04/01/2023,10930
05/01/2023,12247
06/01/2023,12752
07/01/2023,7194
08/01/2023,5665
09/01/2023,11197
10/01/2023,10997
11/01/2023,10743
12/01/2023,11463
13/01/2023,16490
14/01/2023,8383
15/01/2023,6638
16/01/2023,12457
17/01/2023,11301
18/01/2023,11065
19/01/2023,11694
20/01/2023,13578
21/01/2023,7405
22/01/2023,5441
23/01/2023,10958
24/01/2023,10629
25/01/2023,10453
26/01/2023,11356
27/01/2023,14584
28/01/2023,7800
29/01/2023,5417
30/01/2023,12145
31/01/2023,12793
01/02/2023,12299
02/02/2023,12387
03/02/2023,14659
04/02/2023,7386
05/02/2023,5611
06/02/2023,7559
07/02/2023,12051
08/02/2023,11034
09/02/2023,11842
10/02/2023,14514
11/02/2023,7511
12/02/2023,5421
13/02/2023,11522
14/02/2023,11936
15/02/2023,12722
16/02/2023,12721
17/02/2023,14831
18/02/2023,7761
19/02/2023,5661
20/02/2023,10965
21/02/2023,10339
22/02/2023,10017
23/02/2023,11639
24/02/2023,14728
25/02/2023,7491
26/02/2023,5394
27/02/2023,11720
28/02/2023,14126
01/03/2023,13033
02/03/2023,13428
03/03/2023,16380
04/03/2023,8853
05/03/2023,7261
06/03/2023,12942
07/03/2023,11190
08/03/2023,10977
09/03/2023,12431
10/03/2023,14978
11/03/2023,7319
12/03/2023,4659
13/03/2023,10991
14/03/2023,12497
15/03/2023,13783
16/03/2023,13570
17/03/2023,14957
18/03/2023,7839
19/03/2023,5021
20/03/2023,7101
21/03/2023,11550
22/03/2023,11067
23/03/2023,12037
24/03/2023,14635
25/03/2023,7458
26/03/2023,5124
27/03/2023,11474
28/03/2023,11359
29/03/2023,11903
30/03/2023,13337
31/03/2023,17349
01/04/2023,8926
02/04/2023,5838
03/04/2023,11452
04/04/2023,11348
05/04/2023,12830
06/04/2023,10222
07/04/2023,5911
08/04/2023,6230
09/04/2023,5219
10/04/2023,11485
11/04/2023,10140
12/04/2023,10369
13/04/2023,12900
14/04/2023,16951
15/04/2023,9588
16/04/2023,6433
17/04/2023,12168
18/04/2023,11153
19/04/2023,11051
20/04/2023,12260
21/04/2023,14799
22/04/2023,7820
23/04/2023,5333
24/04/2023,10757
25/04/2023,11231
26/04/2023,11116
27/04/2023,12577
28/04/2023,16847
29/04/2023,10097
30/04/2023,5932
01/05/2023,7489
02/05/2023,12028
03/05/2023,11123
04/05/2023,12211
05/05/2023,15906
06/05/2023,8108
07/05/2023,5179
08/05/2023,11281
09/05/2023,11146
10/05/2023,10393
11/05/2023,11788
12/05/2023,16242
13/05/2023,8183
14/05/2023,5373
15/05/2023,12388
16/05/2023,12079
17/05/2023,11496
18/05/2023,12791
19/05/2023,15347
20/05/2023,7918
21/05/2023,5458
22/05/2023,10959
23/05/2023,10837
24/05/2023,11129
25/05/2023,12565
26/05/2023,15629
27/05/2023,7616
28/05/2023,5113
29/05/2023,12256
30/05/2023,13170
31/05/2023,13684
01/06/2023,14197
02/06/2023,15834
03/06/2023,8032
04/06/2023,6057
05/06/2023,12261
06/06/2023,12162
07/06/2023,11342
08/06/2023,12441
09/06/2023,15617
10/06/2023,8083
11/06/2023,5249
12/06/2023,11372
13/06/2023,11060
14/06/2023,12696
15/06/2023,14789
16/06/2023,16442
17/06/2023,8058
18/06/2023,5246
19/06/2023,10938
20/06/2023,10563
21/06/2023,10212
22/06/2023,11817
23/06/2023,14496
24/06/2023,7276
25/06/2023,4688
26/06/2023,10210
27/06/2023,10209
28/06/2023,10917
29/06/2023,13036
30/06/2023,17158
01/07/2023,8335
02/07/2023,5458
03/07/2023,12191
04/07/2023,11289
05/07/2023,11711
06/07/2023,12519
07/07/2023,15432
08/07/2023,7191
09/07/2023,4695
10/07/2023,10273
11/07/2023,10061
12/07/2023,10163
13/07/2023,12275
14/07/2023,16688
15/07/2023,8044
16/07/2023,4667
17/07/2023,10838
18/07/2023,10331
19/07/2023,10160
20/07/2023,11162
21/07/2023,14072
22/07/2023,6738
23/07/2023,4270
24/07/2023,9958
25/07/2023,10161
26/07/2023,10411
27/07/2023,11376
28/07/2023,16174
29/07/2023,7927
30/07/2023,5094
31/07/2023,12560
01/08/2023,11837
02/08/2023,11638
03/08/2023,13509
04/08/2023,16148
05/08/2023,8062
06/08/2023,5353
07/08/2023,11787
08/08/2023,11278
09/08/2023,11724
10/08/2023,12966
11/08/2023,14833
12/08/2023,7129
13/08/2023,4670
14/08/2023,12174
15/08/2023,13478
16/08/2023,12589
17/08/2023,13343
18/08/2023,15665
19/08/2023,7301
20/08/2023,4869
21/08/2023,11219
22/08/2023,11274
23/08/2023,10747
24/08/2023,12025
25/08/2023,14681
26/08/2023,7492
27/08/2023,5003
28/08/2023,11191
29/08/2023,12545
30/08/2023,13401
31/08/2023,14485
01/09/2023,17294
02/09/2023,9170
03/09/2023,6501
04/09/2023,12988
05/09/2023,12103
06/09/2023,11785
07/09/2023,13560
08/09/2023,16393
09/09/2023,7747
10/09/2023,4849
11/09/2023,10881
12/09/2023,11245
13/09/2023,11543
14/09/2023,14633
15/09/2023,17096
16/09/2023,7636
17/09/2023,6074
18/09/2023,12742
19/09/2023,11154
20/09/2023,12076
21/09/2023,13066
22/09/2023,15614
23/09/2023,8375
24/09/2023,5611
25/09/2023,11512
26/09/2023,11195
27/09/2023,11403
28/09/2023,13570
29/09/2023,18523
30/09/2023,10248
01/10/2023,6847
02/10/2023,13173
03/10/2023,12380
04/10/2023,12376
05/10/2023,13734
06/10/2023,16562
07/10/2023,8267
08/10/2023,5326
09/10/2023,12051
10/10/2023,11494
11/10/2023,11485
12/10/2023,12446
13/10/2023,17687
14/10/2023,9359
15/10/2023,6437
16/10/2023,13068
17/10/2023,11330
18/10/2023,11802
19/10/2023,12974
20/10/2023,15775
21/10/2023,8120
22/10/2023,5777
23/10/2023,11684
24/10/2023,10978
25/10/2023,10566
26/10/2023,12165
27/10/2023,15865
28/10/2023,8653
29/10/2023,5643
30/10/2023,12973
31/10/2023,13131
01/11/2023,13478
02/11/2023,10039
03/11/2023,16163
04/11/2023,9138
05/11/2023,6525
06/11/2023,13147
07/11/2023,11444
08/11/2023,12085
09/11/2023,13165
10/11/2023,16130
11/11/2023,8312
12/11/2023,5655
13/11/2023,11922
14/11/2023,13075
15/11/2023,14570
16/11/2023,14633
17/11/2023,16596
18/11/2023,8461
19/11/2023,5491
20/11/2023,7618
21/11/2023,11975
22/11/2023,11430
23/11/2023,12973
24/11/2023,15797
25/11/2023,8190
26/11/2023,5616
27/11/2023,11134
28/11/2023,11550
29/11/2023,13540
30/11/2023,17215
01/12/2023,19028
02/12/2023,9901
03/12/2023,6405
04/12/2023,14194
05/12/2023,14742
06/12/2023,14514
07/12/2023,14472
08/12/2023,18569
09/12/2023,9582
10/12/2023,6588
11/12/2023,13148
12/12/2023,9997
13/12/2023,13847
14/12/2023,15735
15/12/2023,18416
16/12/2023,11660
17/12/2023,6833
18/12/2023,13967
19/12/2023,13259
20/12/2023,13146
21/12/2023,14045
22/12/2023,16370
23/12/2023,9083
24/12/2023,5473
25/12/2023,4084
26/12/2023,11787
27/12/2023,10888
28/12/2023,12131
29/12/2023,17015
30/12/2023,10293
31/12/2023,6272
01/01/2024,4756
02/01/2024,13153
03/01/2024,12952
04/01/2024,13683
05/01/2024,16811
06/01/2024,8469
07/01/2024,5902
08/01/2024,12981
09/01/2024,12355
10/01/2024,13212
11/01/2024,14131
12/01/2024,18320
13/01/2024,10908
14/01/2024,7842
15/01/2024,16106
16/01/2024,13951
17/01/2024,13215
18/01/2024,14005
19/01/2024,16731
20/01/2024,9286
21/01/2024,6336
22/01/2024,12418
23/01/2024,11708
24/01/2024,12127
25/01/2024,13230
26/01/2024,16474
27/01/2024,8887
28/01/2024,6191
29/01/2024,13429
30/01/2024,14592
31/01/2024,16341
01/02/2024,16196
02/02/2024,17841
03/02/2024,10013
04/02/2024,6792
05/02/2024,9254
06/02/2024,14749
07/02/2024,13391
08/02/2024,14688
09/02/2024,17637
10/02/2024,9422
11/02/2024,6133
12/02/2024,12756
13/02/2024,12501
14/02/2024,13347
15/02/2024,16503
16/02/2024,18906
17/02/2024,9584
18/02/2024,6120
19/02/2024,13547
20/02/2024,12716
21/02/2024,12612
22/02/2024,13811
23/02/2024,16883
24/02/2024,7343
25/02/2024,5998
26/02/2024,12714
